{"N": 4, "L": 8, "links": [[0, 1], [0, 2], [1, 0], [1, 3], [2, 0], [2, 3], [3, 1], [3, 2]], "tr_matrix": [[[0.0, 52326.0, 46890.0, 13032.0], [21600.0, 0.0, 10674.0, 40986.0], [52569.0, 34128.0, 0.0, 8541.0], [28611.0, 23922.0, 20889.0, 0.0]]], "offered_traff": 354168.0, "carried_traff": 430301.0, "lost_traff": 26756.0, "avg_hops": 1.2149629554335795, "obj": 27186301.0, "routing": [[[0.0, 0.0, 0.0, 0.0, 0.0, 0.0, 0.0, 0.0], [1.0, 0.0, 0.0, 0.0, 0.0, 0.0, 0.0, 0.0], [0.0, 1.0, 0.0, 0.0, 0.0, 0.0, 0.0, 0.0], [0.0, 0.0, 0.0, 0.0, 0.0, 0.0, 0.0, 0.0]], [[0.0, 0.0, 0.0, 1.0, 1.0, 0.0, 0.0, 1.0], [0.0, 0.0, 0.0, 0.0, 0.0, 0.0, 0.0, 0.0], [0.0, 0.0, 0.0, 1.0, 0.0, 0.0, 0.0, 1.0], [0.0, 0.0, 0.0, 1.0, 0.0, 0.0, 0.0, 0.0]], [[0.0, 0.0, 0.0, 0.0, 1.0, 0.0, 0.0, 0.0], [0.06291022034692917, 0.0, 0.0, 0.0, 0.06291022034692917, 0.5349566338490389, 0.5349566338490389, 0.0], [0.0, 0.0, 0.0, 0.0, 0.0, 0.0, 0.0, 0.0], [0.0, 0.0, 0.0, 0.0, 0.0, 1.0, 0.0, 0.0]], [[0.0, 0.0, 0.0, 0.0, 1.0, 0.0, 0.0, 1.0], [0.0, 0.0, 0.0, 0.0, 0.0, 0.0, 1.0, 0.0], [0.0, 0.0, 0.0, 0.0, 0.0, 0.0, 0.0, 1.0], [0.0, 0.0, 0.0, 0.0, 0.0, 0.0, 0.0, 0.0]]], "rejected_flows": [[0.0, 0.0, 0.0, 1.0], [0.0, 0.0, 0.0, 0.0], [0.0, 0.4021331458040319, 0.0, 0.0], [0.0, 0.0, 0.0, 0.0]]}