{"N": 4, "L": 8, "links": [[0, 1], [0, 2], [1, 0], [1, 3], [2, 0], [2, 3], [3, 1], [3, 2]], "tr_matrix": [[[0.0, 5787.0, 35550.0, 26685.0], [51516.0, 0.0, 52434.0, 1224.0], [33687.0, 7047.0, 0.0, 18504.0], [15786.0, 7542.0, 4320.0, 0.0]]], "offered_traff": 260082.0, "carried_traff": 291065.89999999997, "lost_traff": 49660.100000000035, "avg_hops": 1.1191312739828208, "obj": 49951165.900000036, "routing": [[[0.0, 0.0, 0.0, 0.0, 0.0, 0.0, 0.0, 0.0], [1.0, 0.0, 0.0, 0.0, 0.0, 0.0, 0.0, 0.0], [0.0, 1.0, 0.0, 0.0, 0.0, 0.0, 0.0, 0.0], [1.0, 0.0, 0.0, 1.0, 0.0, 0.0, 0.0, 0.0]], [[0.0, 0.0, 0.8837623262675667, 0.0, 0.0, 0.0, 0.0, 0.0], [0.0, 0.0, 0.0, 0.0, 0.0, 0.0, 0.0, 0.0], [0.0, 0.0, 0.0, 0.16710531334630202, 0.0, 0.0, 0.0, 0.16710531334630202], [0.0, 0.0, 0.0, 1.0, 0.0, 0.0, 0.0, 0.0]], [[0.0, 0.0, 0.0, 0.0, 1.0, 0.0, 0.0, 0.0], [1.0, 0.0, 0.0, 0.0, 1.0, 0.0, 0.0, 0.0], [0.0, 0.0, 0.0, 0.0, 0.0, 0.0, 0.0, 0.0], [0.6043017725897104, 0.0, 0.0, 0.6043017725897104, 0.6043017725897104, 0.39569822741028965, 0.0, 0.0]], [[0.0, 0.0, 0.0, 0.0, 1.0, 0.0, 0.0, 1.0], [0.0, 0.0, 0.0, 0.0, 0.0, 0.0, 1.0, 0.0], [0.0, 0.0, 0.0, 0.0, 0.0, 0.0, 0.0, 1.0], [0.0, 0.0, 0.0, 0.0, 0.0, 0.0, 0.0, 0.0]]], "rejected_flows": [[0.0, 0.0, 0.0, 0.0], [0.11623767373243332, 0.0, 0.8328946866536979, 0.0], [0.0, 0.0, 0.0, 0.0], [0.0, 0.0, 0.0, 0.0]]}